"[""Coworking Morning Coworking Clichy Batignolles"", ""https://www.coworking-france.com/espace-coworking/coworking-morning-coworking-clichy-batignolles/"", ""21 Place Des Nations-Unies - 92210 - Clichy"", ""21 Place Des Nations-Unies"", ""92210"", ""Clichy"", ""– Location Bureau partagé : Prix sur demande – Location Bureau privé : Prix sur demande – Location Salle de réunion : Prix sur demande – Bureau privatif au mois : 400 euros "", ""– Lundi : 24h/24 – Mardi : 24h/24 – Mercredi : 24h/24 – Jeudi : 24h/24 – Vendredi. : 24h/24 – Samedi : 24h/24 – Dimanche : Fermé "", ""https://morning-coworking.com?ref=coworking-france.com""]"
"[""Coworking Morning Coworking Neuilly"", ""https://www.coworking-france.com/espace-coworking/coworking-morning-coworking-neuilly/"", ""8 Rue De L’Hôtel De Ville - 92200 - Neuilly Sur Seine"", ""8 Rue De L’Hôtel De Ville"", ""92200"", ""Neuilly Sur Seine"", ""– Location Bureau partagé : Prix sur demande – Location Bureau privé : Prix sur demande – Location Salle de réunion : Prix sur demande – Bureau privatif au mois : 500 euros "", ""– Lundi : 24h/24 – Mardi : 24h/24 – Mercredi : 24h/24 – Jeudi : 24h/24 – Vendredi. : 24h/24 – Samedi : Fermé – Dimanche : Fermé "", ""https://morning-coworking.com?ref=coworking-france.com""]"
"[""Pepiniere Granilia Gaillac Graulhet"", ""https://www.coworking-france.com/espace-coworking/pepiniere-granilia-gaillac-graulhet/"", ""Zone D’Activités De La Molière – Route De Réalmont - 81500 - Graulhet"", ""Zone D’Activités De La Molière – Route De Réalmont"", ""81500"", ""Graulhet"", ""– Location Bureau partagé : Prix sur demande – Location Bureau privé : Prix sur demande – Location Salle de réunion : Prix sur demande – Privatisation d’espace : Prix sur demande "", ""– Lundi : 9h – 18h – Mardi : 9h – 18h – Mercredi : 9h – 18h – Jeudi : 9h – 18h – Vendredi. : 9h – 18h – Samedi : Fermé – Dimanche : Fermé "", ""http://www.rezopep-midipyr.com?ref=coworking-france.com""]"
"[""Multiburo Beaune"", ""https://www.coworking-france.com/espace-coworking/multiburo-beaune/"", ""11 Avenue Du 8 Septembre 1944 - 80440 - Beaune"", ""11 Avenue Du 8 Septembre 1944"", ""80440"", ""Beaune"", ""– Location Bureau partagé : Prix sur demande – Location Bureau privé : Prix sur demande – Location Salle de réunion : Prix sur demande – Bureau privatif au mois : 600 euros "", ""– Lundi : 9h – 18h – Mardi : 9h – 18h – Mercredi : 9h – 18h – Jeudi : 9h – 18h – Vendredi. : 9h – 18h – Samedi : Fermé – Dimanche : Fermé "", ""https://www.multiburo.com?ref=coworking-france.com""]"
"[""Pepiniere Promopole – Saint Quentin En Yvelines"", ""https://www.coworking-france.com/espace-coworking/pepiniere-promopole-saint-quentin-en-yvelines/"", ""12 Avenue Des Prés - 78100 - Saint Quentin En Yvelines"", ""12 Avenue Des Prés"", ""78100"", ""Saint Quentin En Yvelines"", ""– Location Bureau partagé : Prix sur demande – Location Bureau privé : Prix sur demande – Location Salle de réunion : Prix sur demande – Privatisation d’espace : Prix sur demande "", ""– Lundi : 9h – 18h – Mardi : 9h – 18h – Mercredi : 9h – 18h – Jeudi : 9h – 18h – Vendredi. : 9h – 18h – Samedi : Fermé – Dimanche : Fermé "", ""https://www.promopole.fr?ref=coworking-france.com""]"
"[""Fablab De La Cite Descartes"", ""https://www.coworking-france.com/espace-coworking/fablab-de-la-cite-descartes/"", ""8 Avenue Blaise Pascal - 77437 - Marne la Vallée"", ""8 Avenue Blaise Pascal"", ""77437"", ""Marne la Vallée"", ""– Location Poste de travail : Prix sur demande – Location Atelier : Prix sur demande – Location Machine outil : Prix sur demande – Location Poste informatique : Prix sur demande "", ""– Lundi : 9h – 18h – Mardi : 9h – 18h – Mercredi : 9h – 18h – Jeudi : 9h – 18h – Vendredi. : 9h – 18h – Samedi : Fermé – Dimanche : Fermé "", ""http://www.univ-paris-est.fr/fr/actualites/document-2347.html?ref=coworking-france.com""]"
"[""Vincennes Hippodrome De Paris"", ""https://www.coworking-france.com/espace-coworking/vincennes-hippodrome-de-paris/"", ""2 Route De La Ferme - 75012 - Paris"", ""2 Route De La Ferme"", ""75012"", ""Paris 12"", ""– Location Bureau partagé : Prix sur demande – Location Bureau privé : Prix sur demande – Salle de réunion à la journée : 1 euros – Privatisation d’espace : Prix sur demande "", ""– Lundi : 8h – 0h – Mardi : 8h – 0h – Mercredi : 8h – 0h – Jeudi : 8h – 0h – Vendredi. : 8h – 0h – Samedi : Fermé – Dimanche : Fermé "", ""https://www.coworking-france.com/coworking/coworking-france/coworking-ile-de-france/coworking-paris/coworking-paris-12/""]"
"[""Coworking Regus – Chateau Rouge"", ""https://www.coworking-france.com/espace-coworking/coworking-regus-chateau-rouge/"", ""Chateau Rouge Wood Parc – Batiment C-D – Avenue De La Marne - 59700 - Marcq En Baroeul"", ""Chateau Rouge Wood Parc – Batiment C-D – Avenue De La Marne"", ""59700"", ""Marcq En Baroeul"", ""– Location Bureau partagé : Prix sur demande – Location Bureau privé : Prix sur demande – Location Salle de réunion : Prix sur demande – Privatisation d’espace : Prix sur demande "", ""– Lundi : 9h – 18h – Mardi : 9h – 18h – Mercredi : 9h – 18h – Jeudi : 9h – 18h – Vendredi. : 9h – 18h – Samedi : Fermé – Dimanche : Fermé "", ""https://www.regus.fr/workspace/lille?ref=coworking-france.com""]"
"[""Regus Lille – Chateau Rouge"", ""https://www.coworking-france.com/espace-coworking/regus-lille-chateau-rouge/"", ""Chateau Rouge Wood Parc - 59700 - Marcq En Baroeul"", ""Chateau Rouge Wood Parc"", ""59700"", ""Marcq En Baroeul"", ""– Location Bureau partagé : Prix sur demande – Location Bureau privé : Prix sur demande – Location Salle de réunion : Prix sur demande – Bureau partagé au mois : 300 euros "", ""– Lundi : 9h – 18h – Mardi : 9h – 18h – Mercredi : 9h – 18h – Jeudi : 9h – 18h – Vendredi. : 9h – 18h – Samedi : Fermé – Dimanche : Fermé "", ""https://www.regus.com/fr-fr?ref=coworking-france.com""]"
"[""Coworking Plateau Fertile"", ""https://www.coworking-france.com/espace-coworking/coworking-plateau-fertile/"", ""Hotel D’Entreprises Roussel - 59100 - Roubaix"", ""Hotel D’Entreprises Roussel"", ""59100"", ""Roubaix"", ""– Location Bureau partagé : Prix sur demande – Location Bureau privé : Prix sur demande – Location Salle de réunion : Prix sur demande – Privatisation d’espace : Prix sur demande "", ""– Lundi : 9h – 18h – Mardi : 9h – 18h – Mercredi : 9h – 18h – Jeudi : 9h – 18h – Vendredi. : 9h – 18h – Samedi : Fermé – Dimanche : Fermé "", ""http://plateaufertile.fr?ref=coworking-france.com""]"
"[""Laval Mayenne Technopole Maison De La Technopole"", ""https://www.coworking-france.com/espace-coworking/laval-mayenne-technopole-maison-de-la-technopole/"", ""6 Rue Léonard De Vinci - 53001 - Laval"", ""6 Rue Léonard De Vinci"", ""53001"", ""Laval"", ""– Location Bureau partagé : Prix sur demande – Salle de réunion à la demi journée : 50 euros – Salle de réunion à la journée : 90 euros – Privatisation d’espace : Prix sur demande "", ""– Lundi : 9h – 18h – Mardi : 9h – 18h – Mercredi : 9h – 18h – Jeudi : 9h – 18h – Vendredi. : 9h – 18h – Samedi : Fermé – Dimanche : Fermé "", ""https://www.coworking-france.com/coworking/coworking-france/coworking-pays-de-la-loire/coworking-mayenne/coworking-laval/""]"
"[""Pepiniere Tertiaire Des Deux Rives"", ""https://www.coworking-france.com/espace-coworking/pepiniere-tertiaire-des-deux-rives/"", ""Zone D’Activités Les Iles - 26241 - Saint Vallier"", ""Zone D’Activités Les Iles"", ""26241"", ""Saint Vallier"", ""– Location Bureau partagé : Prix sur demande – Location Bureau privé : Prix sur demande – Location Salle de réunion : Prix sur demande – Privatisation d’espace : Prix sur demande "", ""– Lundi : 9h – 18h – Mardi : 9h – 18h – Mercredi : 9h – 18h – Jeudi : 9h – 18h – Vendredi. : 9h – 18h – Samedi : Fermé – Dimanche : Fermé "", ""http://www.comcomlesdeuxrives.fr?ref=coworking-france.com""]"
"[""Hackerspace Breizh Entropy"", ""https://www.coworking-france.com/espace-coworking/hackerspace-breizh-entropy/"", ""48 Boulevard Villebois Mareuil Rennes - 16170 - Mareuil"", ""48 Boulevard Villebois Mareuil Rennes"", ""16170"", ""Mareuil"", ""– Location Poste de travail : Prix sur demande – Location Atelier : Prix sur demande – Location Machine outil : Prix sur demande – Location Poste informatique : Prix sur demande "", ""– Lundi : 9h – 18h – Mardi : 9h – 18h – Mercredi : 9h – 18h – Jeudi : 9h – 18h – Vendredi. : 9h – 18h – Samedi : Fermé – Dimanche : Fermé "", ""http://breizh-entropy.org?ref=coworking-france.com""]"
"[""Regus Paris – La Defense"", ""https://www.coworking-france.com/espace-coworking/regus-paris-la-defense/"", ""9 Allée De L’Arche - 9261 - Courbevoie"", ""9 Allée De L’Arche"", ""9261"", ""Courbevoie"", ""– Location Bureau partagé : Prix sur demande – Location Bureau privé : Prix sur demande – Location Salle de réunion : Prix sur demande – Bureau privatif au mois : 300 euros "", ""– Lundi : 9h – 18h – Mardi : 9h – 18h – Mercredi : 9h – 18h – Jeudi : 9h – 18h – Vendredi. : 9h – 18h – Samedi : Fermé – Dimanche : Fermé "", ""https://www.regus.com/fr-fr?ref=coworking-france.com""]"
"[""Pepiniere Le Faisceau Sud"", ""https://www.coworking-france.com/espace-coworking/pepiniere-le-faisceau-sud/"", ""Zone D’Activités Rhone Helvie - 7400 - Le Teil"", ""Zone D’Activités Rhone Helvie"", ""7400"", ""Le Teil"", ""– Location Bureau partagé : Prix sur demande – Location Bureau privé : Prix sur demande – Location Salle de réunion : Prix sur demande – Privatisation d’espace : Prix sur demande "", ""– Lundi : 9h – 18h – Mardi : 9h – 18h – Mercredi : 9h – 18h – Jeudi : 9h – 18h – Vendredi. : 9h – 18h – Samedi : Fermé – Dimanche : Fermé "", ""http://www.faisceau-sud.fr?ref=coworking-france.com""]"
"[""Coworking Orcq Spring Box"", ""https://www.coworking-france.com/espace-coworking/coworking-orcq-spring-box/"", ""Chaussée De Lille 479 - 7501 - Tournai Orcq"", ""Chaussée De Lille 479"", ""7501"", ""Tournai Orcq"", ""– Bureau partagé à l’heure : 10 euros – Bureau partagé à la demi journée : 20 euros – Bureau partagé à la journée : 40 euros – Privatisation d’espace : Prix sur demande "", ""– Lundi : 6h – 22h30 – Mardi : 6h – 22h30 – Mercredi : 6h – 22h30 – Jeudi : 6h – 22h30 – Vendredi. : 6h – 22h30 – Samedi : 6h – 22h30 – Dimanche : Fermé "", ""https://www.coworking-france.com/coworking/coworking-france/coworking-auvergne-rhone-alpes/coworking-ardèche/""]"
"[""Fablab Sofab"", ""https://www.coworking-france.com/espace-coworking/fablab-sofab/"", ""450 Route Des Chappes - 6410 - Sophia Antipolis"", ""450 Route Des Chappes"", ""6410"", ""Sophia Antipolis"", ""– Location Poste de travail : Prix sur demande – Location Atelier : Prix sur demande – Location Machine outil : Prix sur demande – Location Poste informatique : Prix sur demande "", ""– Lundi : 9h – 18h – Mardi : 9h – 18h – Mercredi : 9h – 18h – Jeudi : 9h – 18h – Vendredi. : 9h – 18h – Samedi : Fermé – Dimanche : Fermé "", ""https://sofab.pobot.org?ref=coworking-france.com""]"
"[""Coworking Noiesis"", ""https://www.coworking-france.com/espace-coworking/coworking-noiesis/"", ""1360 Route Des Dolines - 6410 - Sophia Antipolis"", ""1360 Route Des Dolines"", ""6410"", ""Sophia Antipolis"", ""– Location Bureau partagé : Prix sur demande – Location Bureau privé : Prix sur demande – Location Salle de réunion : Prix sur demande – Privatisation d’espace : Prix sur demande "", ""– Lundi : 9h – 18h – Mardi : 9h – 18h – Mercredi : 9h – 18h – Jeudi : 9h – 18h – Vendredi. : 9h – 18h – Samedi : Fermé – Dimanche : Fermé "", ""http://www.noiesis.fr?ref=coworking-france.com""]"
"[""Coworking Cowork’In"", ""https://www.coworking-france.com/espace-coworking/coworking-coworkin/"", ""67 Rue Du Président Roosevelt - 3120 - Lapalisse"", ""67 Rue Du Président Roosevelt"", ""3120"", ""Lapalisse"", ""– Location Bureau partagé : Prix sur demande – Location Bureau privé : Prix sur demande – Location Salle de réunion : Prix sur demande – Privatisation d’espace : Prix sur demande "", ""– Lundi : 9h – 18h – Mardi : 9h – 18h – Mercredi : 9h – 18h – Jeudi : 9h – 18h – Vendredi. : 9h – 18h – Samedi : Fermé – Dimanche : Fermé "", ""http://resilience-hypnose.wixsite.fr/allier?ref=coworking-france.com""]"
